{"train/mae":5578.966987657498,"_step":1,"_wandb":{"runtime":48},"_runtime":48,"train/rmse":9109.418819430946,"_timestamp":1.762245431518952e+09,"valid/rmse":9540.952177286363,"valid/r2":0.9581675267484078,"train/r2":0.9614075829591927,"valid/mae":5633.947058449217}