{"_runtime":49,"train/mae":5578.966987657498,"valid/mae":5633.947058449217,"valid/rmse":9540.952177286363,"_step":1,"_wandb":{"runtime":49},"valid/r2":0.9581675267484078,"train/r2":0.9614075829591927,"train/rmse":9109.418819430946,"_timestamp":1.762254654673405e+09}